Category,Note
Transportation,2 Place 5 to Place 0
Food,Idli medu Vada mix 2 plates
subscription,1 month subscription
subscription,Data booster pack
Festivals,Ganesh idol
subscription,Permanent Residence - Tata Play recharge
Transportation,Place 2 station to Permanent Residence
Transportation,2 Place 0 to Place 3
Other,HBR 2 Months subscription
Food,1kg atta
Small Cap fund 2,
Small cap fund 1,
subscription,Data booster pack
Food,Home Food Delivery
Other,From Family
Food,Half lit  milk
Food,Half lit  milk
Family,
Food,Half lit  milk
Equity Mutual Fund E,
Food,Amul butter
Apparel,11 clothes ironing
Food,Chinese Bhel
Food,Shev Puri
Food,2 kachori
Food,Half lit  milk
Food,Bread
Family,
Public Provident Fund,
Saving Bank account 1,
Family,
Gift,farewell contribution
Food,Domino's Pizza
Salary,From workplace 
Food,Half lit  milk
Food,Warna Srikhand pav kg
Household,Supermart
Food,Baking soda
Food,chocobar
Food,Half lit  milk
Dividend earned on Shares,Astral Stocks
Dividend earned on Shares,Reliance Stocks
Food,Dahi 2 packets
Food,2 plates poha
Food,Khari packet
Food,Half lit  milk
Interest,interest paid
Apparel,13 clothes ironing
Food,Home Food Delivery
Other,From Family
Food,
Food,Half lit  milk
Festivals,Ganpati+ navratri vargani
Transportation,2 Place 2 to Place 3 : Sevagram express 3AC
Transportation,2 Place 3 to Place 2 : Amritsar express 3AC
Food,Catering Service
Food,Half lit  milk
Life Insurance,
Food,cutting chai
Food,Half lit  milk
subscription,1 month subscription
Food,Dahi 2 packets
Food,Half lit  milk
Dividend earned on Shares,Pidilite Stocks
subscription,Permanent Residence - Tata Play recharge
Food,Warna Srikhand half kg
Food,M D sure 4kg atta
Dividend earned on Shares,ITC Stocks
Family,
Food,Dahi
Household,Toothpaste Patanjali
Apparel,8 clothes ironing
Food,Vanila family pack
Household,5 litres can Distilled water
Household,Brass Puja plate and diva
Food,Half kg Lahsoon
Household,Supermart
Food,Vanila cup
Food,chocobar
Small Cap fund 2,
Small cap fund 1,
Food,8 kachori
Family,
Equity Mutual Fund E,
Beauty,hair cut
Family,
Food,cutting chai
Health,eyewear Glasses payment remaining
Apparel,For Family
Transportation,Place 0 to Place 4 return
Transportation,Current Residence to Place 0
Family,Bows
Other,From Family
Family,
Dividend earned on Shares,Redington Stocks
Household,Supermart
Food,M D sure 4kg atta
Health,eyewear Glasses advance
Family,
Public Provident Fund,
Saving Bank account 1,
Apparel,13 clothes ironing
Money transfer,
maid,July salary
Food,10 melody
Salary,From workplace 
Health,Glucose D(50) + flora bc (40)+cyra 20(10)
Health,
Food,Catering Service
Food,1 plates poha
Food,Paneer pizza
Transportation,Decathlon Place A to Place A station
Transportation,Current Residence to Place 0
Transportation,2 Place 0 to Place A returns
Food,Medu vada 3 plate
Family,
Culture,2 INOX 
Food,
Household,Supermart
Other,Demat account charges
Food,Toast packet
Tax refund,
subscription,Current Residence - Tata Play recharge
Food,4 plates poha
Household,Supermart
Food,Khajur pav kg
Food,2 Bhajipav + 2 vadapav
Food,Toast packet
Food,chocobar
Food,potato 1kg
Food,onion 1 kg
Transportation,Ola cab - eye institute to Current Residence CHS
Health,Cataract Medicine
Health,Cataract Medicine
Food,Dahi 4 packets
Food,M D sure 4kg atta
Apparel,12 clothes ironing
Household,Sony WI-C100 earphones wireless
Food,7 kachori
Food,
Food,
Food,4 kachori
Other,CA  - income tax filing
Transportation,Ola cab - eye institute to Current Residence CHS
Health,Cataract Medicine
Small Cap fund 2,
Small cap fund 1,
Food,6 eggs
Food,2 bread packets
Dividend earned on Shares,Tata Steel Stocks
Transportation,3.4 Lit Petrol
Food,Toast packet
Food,Shev bhaji sev pav kg
Transportation,Ola cab - eye institute to Current Residence CHS
Food,3 cutting chai
Health,eye drop
Health,Hospital consultation
Transportation,Ola cab - Current Residence CHS to eye institute
Transportation,To and Fro Cab Fare Contribution
Transportation,Place 4 to Place 0
Food,At restaurant
subscription,
Equity Mutual Fund E,
Food,At restaurant
Transportation,Park Inn Goa
Transportation,Terminal 1 to Terminal 2
Food,cutting chai
Transportation,Current Residence to Place 0
Transportation,Place 0 to Place P
Health,Doctor Fees
Beauty,Shaving
Family,
Health,2 Thyroid (1000) + cholesterol (220) + uric acid (220)
maid,
Food,Half lit  milk
subscription,Current Residence - Tata Play recharge
Dividend earned on Shares,Infosys Stocks
Saving Bank account 1,
Household,Supermart
Transportation,Place 1 bridge to Current Residence 2 seats
Transportation,2 Place 6 Stand to MS
Household,Face towels + shampoo
Transportation,2 Place 1 to  mall
Transportation,Current Residence to Place 1 bus stop highway
Culture,2 PVR 
Transportation,2 Place 2 to Place 1 - Shree Sharma Travels
Food,Vadapav
Apparel,undergarments pair of Jockey
Apparel,clothes ironing
Food,milk 1lit 
Public Provident Fund,
Money transfer,
Household,Aqugurad PRV
Dividend earned on Shares,Asian paints Stocks
Interest,interest paid
Salary,From workplace 
Dividend earned on Shares,HUL Stocks
Household,Tulsi plant+ pot
Household,Math tap repair
Household,3 bulbs 3 pencil cells
Food,Home Food Delivery
Food,Bhaji + vadapav + kachori+ tea
Transportation,Vadala road to Nehru Planetarium
Apparel,Mast & Harbour Slides
Tourism,Planetarium
Other,From Family
Food,2 cups
Household,Mobile cover real mi note pro
Other,Shopping at Alfa
Household,Mouse pad
Apparel,Purse
Apparel,Rainy season chappal
Transportation,Place P station to Alfa market
Transportation,2 Place 0 to Place P return
Transportation,2 Current Residence to Place 0
Saving Bank account 1,Refund
Transportation,2 Place 0 to Current Residence
Household,Supermart
Household,Aqugurad water purifier
Household,Umbrella handle repair
Transportation,Place 0 to Place 4 return
Food,2 cutting chai
Food,Bhaji + vadapav
Food,Home Food Delivery
Household,Smart point
Transportation,2 Place 0 to Current Residence
Food,Bread
Food,milk 1lit 
Health,Suppliemnts
Transportation,2 Place 5 to Place 0
subscription,Permanent Residence - Tata Play recharge
Food,2 Vadapav 2 samosa pav
subscription,Annual recharge
Transportation,
subscription,Data booster pack
Family,
subscription,Data booster pack
subscription,Data booster pack
Share Market,
subscription,Data booster pack
Transportation,2CC Place 2 to DDR Spl Train
Small Cap fund 2,
Small cap fund 1,
Food,12 eggs
Self-development,Marathon
Household,Sofa covers
subscription,Data booster pack
Equity Mutual Fund E,
Public Provident Fund,
Saving Bank account 1,
Salary,From workplace 
Dividend earned on Shares,HDFC Stocks
subscription,Data booster pack
Beauty,hair cut
Interest,interest paid
Household,Soap + dahya pav kg
Transportation,Permanent Residence to Motor Driving school
subscription,Data booster pack
subscription,Permanent Residence - Tata Play recharge
Health,2 All out refill
Life Insurance,
Family,
Family,"Soap, shampoo, razor"
Household,flour mill
subscription,Data booster pack
subscription,Data booster pack
Food,Cookies & cream family pack
Transportation,within city
Household,LG Washing Machine
Transportation,Permanent Residence to GH road
Amazon pay cashback,
subscription,Data booster pack
Other,Digilock room charges
Transportation,Place 2 station to Permanent Residence
Food,Potato chips
Food,2 dozens mango + 1kg litchi
Transportation,2 Place 0 to Place 3
Transportation,2 Current Residence to Place 0
Apparel,clothes ironing
Education,Gel pen Refills
scrap,
Small Cap fund 2,
Small cap fund 1,
Food,Domino's Pizza
Food,Catering Service
Food,4 kachori
Food,milk 1lit 
Food,1 packet
Food,2 Faluda
Other,NEFT from Big Share Services
subscription,Mata + TOI + ET
Food,Toast packet
Food,Half lit  milk
subscription,
Food,Kaju katli half kg
Food,milk 1lit 
Beauty,Shaving
Household,Handwash container2 + window cleaner
Transportation,Mall parking
subscription,
Food,Home Food Delivery
Food,milk 1lit 
Equity Mutual Fund E,
Other,From Family
Family,
Household,Supermart
Food,milk 1lit 
Food,Bhaji + vadapav
Food,Mango 1.5 kg
Food,milk 1lit 
Health,ITone eye drops
Health,Refresh Tears Drop
Family,
Public Provident Fund,
Saving Bank account 1,
Money transfer,
Food,6 kachori
Household,Supermart
subscription,Current Residence - Tata Play recharge
Food,Toast packet
Food,milk 1lit 
Gift,To Family
Food,2 sugarcane juice
Salary,From workplace 
Food,Home Food Delivery
Family,
Household,Supermart
Food,Noodles packet
Food,milk 1lit 
Family,
Food,Catering Service
subscription,Permanent Residence - Tata Play recharge
Household,Idli pith 1kg
maid,
Food,
Household,Supermart
Food,milk 1lit 
Food,Naturals
Food,Dahi 2 packets
Food,Sugaran Kitchen
Household,flour mill
Food,6 eggs
Food,milk 1lit 
Food,milk 1lit 
Education,3 Pens
Apparel,clothes ironing
Household,Cockroach injection
Household,Supermart
Household,Smart point
Food,pav Bhaji
Food,2 cutting chai
Household,"Vessels for sugar, coffee and tea"
Family,Body mist
Transportation,Station Parking
Transportation,Place 0 to Place 4 return
Food,Catering Service
Household,Supermart
Food,Pizza base packet 2
Food,Khari packet
Food,milk 1lit 
Health,Family Thyroid Test + CBC
Small Cap fund 2,
Small cap fund 1,
subscription,
Household,
Food,Pattice
Food,Catering Service
Food,Bread
Food,Catering Service
Gift,farewell contribution
Food,Ginger
Food,milk 1lit 
Household,Supermart
Household,Pav kg chana dal
Food,Half lit  milk
Equity Mutual Fund E,
Money transfer,
Household,Idli pith 1kg
Food,6 eggs
Food,milk 1lit 
Food,Catering Service
Public Provident Fund,
Saving Bank account 1,
Transportation,Mall parking
Household,Window cleaner
Food,Pav kg Lahsoon
Food,Dahi 2 packets
Food,onion 2 kg
maid,
Interest,interest paid
Other,ATM charge
Other,ATM charge
Interest,interest paid
Food,milk 1lit 
Money transfer,
Food,2 chocobar
Food,Home Food Delivery
Salary,From workplace 
Food,Domino's Pizza
Transportation,Station Parking
Interest,interest paid
Transportation,Place 0 to Sion returns
Food,1 Panipuri
Food,Ginger + green chilli
Food,milk 1lit 
Food,At restaurant
Food,Bread
Food,milk 1lit 
subscription,Permanent Residence - Tata Play recharge
Dividend earned on Shares,Marico Stocks
Transportation,Station Parking
Food,Popcorn family pack
Food,2 tea
Food,2 Frankie
Food,French crossiant
Food,IKEA tea 3
Culture,Finding next Job
Food,1 kg Bajari
Food,Half kg tomato
Household,Supermart
Food,Pickle
Food,Potato chips
Food,1 packet
Food,milk 1lit 
Food,2 kachori
Household,Idli pith 1kg
Family,
Food,2 Fried rice
Other,
Food,Chicken lollypop 8 pcs
Food,Bread
Food,6 eggs
Food,Half lit  milk
Transportation,Station Parking
Food,Dabeli
Family,Trouser
Family,Belt + bow
Food,Papad packet
Food,1 Panipuri
Food,cutting chai
Transportation,Place 0 to Place 4 return
Food,Catering Service
Food,Half lit  milk
Food,Catering Service
Food,Half lit  milk
Household,Mayonnaise + cheese cubes
Food,onion 2 kg
Food,Domino's Pizza
Saving Bank account 1,Unused funds
Family,
Food,Half lit  milk
Small Cap fund 2,
Small cap fund 1,
Transportation,2 Place 3 to Place 2 : Sevagram express 3AC
Household,Mosquito Racket
Health,All out refill
Food,1 lit 
Food,Half lit  milk
Apparel,clothes ironing
Food,Flatbread 12 pcs
Petty cash,From Family
subscription,
Food,6 eggs
Food,Half lit  milk
Equity Mutual Fund E,
Festivals,Holi Tip to cleaner
Food,2 Vadapav
Health,Thyroid Tablets
Health,5 Meftal spas
Education,Xerox
Petty cash,From Family
Food,Half lit  milk
Documents,Aadhar PUC card delivery
Family,
Food,chocobar
Food,M D sure 3kg atta
Household,Supermart
Household,Smart point
Other,blanket sewing
Family,
Food,Catering Service
Dividend earned on Shares,ITC Stocks
Food,Half lit  milk
Food,chocobar
Food,Domino's Pizza
Food,6 eggs
Public Provident Fund,
Saving Bank account 1,
Money transfer,
Food,Khari packet
Food,Half lit Varna milk
Food,onion 1 kg
Food,potato 1kg
Salary,From workplace 
Household,Idli pith 1kg
Food,5 chapati
Food,1 lit 
Household,Mirror repair
Transportation,First servicing
Food,chaas
Food,Flatbread 12 pcs
Health,Refresh Tears Drop
Food,1 packet
Food,1 lit 
subscription,Permanent Residence - Tata Play recharge
Food,Limca
Food,onion 1 kg
Food,Catering Service
Life Insurance,
Household,Kitchen fan + installation+ repair
Petty cash,From Family
Beauty,hair cut+shaving
Food,1 lit 
Food,2 kachori
Food,BBQ
Family,
Transportation,Mall parking
Food,5 chapati
Food,banana chips
Food,Khari packet
Food,1 lit 
Food,chocobar
Food,Half kg tomato + methi 1 judi
Household,Supermart
Food,1 chicken shawarma
Food,potato 1kg
Food,Bread
Food,Amul cheese
Food,1 lit 
Small Cap fund 2,
Small cap fund 1,
Food,6 eggs
Food,3 packets
Food,M D sure 3kg atta
Transportation,2 Place 0 to Current Residence
Food,pav Bhaji
Food,Vadapav
Transportation,Place 0 to Place 3 returns
Transportation,Current Residence to Place 0
Share Market,
Food,1 lit 
Apparel,clothes ironing
Food,Shev Puri
Food,onion 1 kg
Food,1 lit 
Equity Mutual Fund E,
Culture,2 PVR Place 6
Family,
Food,Raw chicken half kg
Food,Khari packet
Food,1 packet
Food,Domino's Pizza
Food,Catering Service
Food,Half lit  milk
Food,chocobar
Transportation,Place 2 to Place 1 - Shree Sharma Travels
Gpay Reward,
Food,Catering Service
Share Market,
Gpay Reward,
Family,
Food,8 bananas
Food,Half kg tomato
Share Market,
Public Provident Fund,
Saving Bank account 1,
maid,
Money transfer,
Food,At restaurant
Transportation,Parking sticker
Salary,From workplace 
Food,1 lit 
Household,Matchbox packet 10pcs
Food,Dahi 2 packets
Share Market,
Family,
Food,Khari packet
Food,6 eggs
Food,1 lit 
Food,2 kachori
Household,Smart point
Household,Supermart
Transportation,Two Wheeler Bikedelux third installment
Share Market,
Transportation,Place 0 to Current Residence
Transportation,Place 0 to Place 4 return
Apparel,Pyjama (999)+ carry bag (10)
Food,1 packet
Food,1 lit 
Food,potato 1kg
Household,Idli pith 1kg
Food,Catering Service
Saving Bank account 1,
Food,Half lit  milk
Household,Smart point
Food,2 kg Bajari
Food,M D sure 3kg atta
Health,Cough-sills 4 pcs + sinarest 3 pcs
Food,1 lit 
Food,Home Food Delivery
Amazon pay cashback,
Food,crack-jack 1 packi
Food,
subscription,Permanent Residence - Tata Play recharge
Food,Flatbread 6 pcs
Household,Amul butter
Food,Flatbread 6 pcs
Household,Cakes
Transportation,Two Wheeler Bikedelux second installment
Food,Fresh veggie pizza
Food,6 eggs
Food,1 lit 
Household,Bhagar 1kg 130 + idli pith 1kg 35
Food,1 lit 
Social Life,Marathon
Food,Chitale Srikhand
Food,onion 1 kg + half kg potato
Transportation,Place 0 to Place 3 returns
Transportation,Uber auto: Place 4 Station to Current Residence society
Transportation,Place 0 to Santacruz return
Household,Vibrating electronic message tool
Transportation,station to Decathlon
Transportation,Decathlon to station
Apparel,Head band
Transportation,Pali hill to Bandra station
Transportation,mumbai University Kalina to Santacruz station
Transportation,Current Residence to Place 0
Health,Thyroid Tablets
Apparel,clothes ironing
Small Cap fund 2,
Small cap fund 1,
Household,Smart point
Health,Family Thyroid Test
Share Market,
Equity Mutual Fund A,
Food,6 eggs
Food,1 lit 
Food,2 packets
Food,Flatbread 12 pcs
Food,1 lit 
Food,Vadapav
Other,Gift from inlaws
Household,Sony WI-C100 earphones wireless
Food,M D sure 2kg atta
Household,Harpik 1L
Food,2 cutting chai
Transportation,Place 0 to Place 4 return
Equity Mutual Fund E,
subscription,
Household,Idli pith 1kg
Household,5 litres can Distilled water
Food,2 cups
Food,1 lit 
Maturity amount,
Household,Cockroach injection
Household,Nandadip oil bottle
Food,Catering Service
Small cap fund 1,
Small Cap fund 2,
Documents,Aadhar Address Change
Maturity amount,SIP Redemption
Maturity amount,SIP Redemption
Food,Wok express + Domino's
Transportation,Two Wheeler Bikedelux booking amount
Food,6 eggs
Food,1 lit 
Household,Supermart
Health,Refresh Tears Drop
subscription,Amazon pay cashback 1017 + Rs.482
Food,Raspberry dolly
Household,Logitech mouse
Food,1 lit 
Money transfer,
maid,
Saving Bank account 1,
Public Provident Fund,
Food,Flatbread 24 pcs
Salary,From workplace 
Interest,interest paid
Food,Dudhi 20 + mirchi 5
Family,For utensils
Food,3 pavwada
Household,
Food,
subscription,Data booster pack
Food,Ginger
Food,Tata salt 28+ 6 eggs 42
Fixed Deposit,
Saving Bank account 1,
subscription,"ET Prime (1+1) till 24 Dec,2024"
subscription,Permanent Residence - Tata Play recharge
subscription,Data booster pack
Transportation,Place 2 station to Permanent Residence
Transportation,2 Current Residence to Place 0
Gift,Birthday gift
Food,Gupta bhel
Household,Toothbrush (buy 2 get 1)
Food,Half lit  milk
Gift,Birthday gift
Food,Home Food Delivery
Equity Mutual Fund C,
Food,Vadapav
Household,Surti kolam 2kg (54rsx2)+Monaco biscuits
Food,Catering Service
Food,milk 1lit 
Food,Catering Service
subscription,Renewal
Gpay Reward,
Family,
Food,Chicken Frankie
Saving Bank account 1,Fund Withdrawal
Transportation,Place 0 to WS return
Food,milk 1lit 
Apparel,undergarment single
Food,At restaurant
Transportation,within city
Household,Dmart
Food,2 cutting chai
Transportation,college to inorbit
Transportation,Place 0 to Place 4 return
Transportation,Current Residence to Place 0
Food,milk 1lit 
Other,Nosebud
Food,chocobar
Petty cash,From Family
Food,Paneer + 1 kg onion
Apparel,clothes ironing
Family,
Food,milk 1lit 
Food,6 eggs
Food,Double chicken shwarma
Food,Catering Service
Equity Mutual Fund F,
Food,
Food,
Food,Gupta bhel
Food,Catering Service
Food,Catering Service
Food,Home Food Delivery - roti 17*4+ paneer chatpata 190+ veg crispy 150
Food,milk 1lit 
Equity Mutual Fund E,
Food,Catering Service
subscription,Current Residence - Tata Play recharge
subscription,
Equity Mutual Fund A,
Household,Smart point
Household,Supermart
Food,
Maturity amount,Premature closure of RD3 & RD4
Gpay Reward,
Food,
Food,Amul butter
Food,milk 1lit 
subscription,
Food,Shev Puri
Food,Home Food Delivery - Chicken lollypop 8 pcs 190 + chicken manchow soup 100
Other,2 kg soil
Beauty,hair cut+shaving
Food,chocobar
Food,milk 1lit 
Food,Catering Service ( 5 methi paranthe)
Gpay Reward,
Food,1 lit 
maid,
Saving Bank account 1,
Saving Bank account 1,Fund Withdrawal
Public Provident Fund,
Recurring Deposit,
Recurring Deposit,
Health,5 Meftal spas
Health,Glasses remaining
Health,Family's Glasses
Money transfer,
Saving Bank account 2,
Family,Change
Salary,From workplace 
Food,Sweet bread cake pav kg
Food,6 eggs
Food,
Household,Toast+ biscuits
Food,
Food,1 lit 
Health,Glasses advance
Gpay Reward,
Transportation,2 Place 0 to Current Residence
Transportation,Place 6 station to  mall
Transportation,1 Place 0 to Place 6
Apparel,Sandals Hush puppies
Gpay Reward,
Transportation,eye institute to Place 6 station
Health,eye drop
Transportation,Place 6 station to eye institute
Health,"Routine checkup - eye institute, Place 6"
Transportation,1 Place 0 to Place 6 return
subscription,Permanent Residence - Tata Play recharge
Food,1 lit 
Apparel,clothes ironing : Rs 6 per item
Food,Half kg tomato
Culture,2 PVR Place 6
Food,Flatbread 8 pcs
Food,Dahi + remaining balance
Food,3 kg Bajari
Food,1 lit 
Equity Mutual Fund C,
Life Insurance,
Food,milk 1lit 
scrap,
Food,1 Panipuri
Transportation,2 Place 0 to Current Residence
Transportation,2 Place 0 to Place 6 return
Transportation,2 Current Residence to Place 0
Culture,2 PVR Place 6
Household,Khobra + shengdana+ vim bar
Food,6 eggs
subscription,
Self-development,Marathon
Food,1.5 lit milk 
Food,Vanila family pack
Household,Agarbatti 55 + dahi 25
Food,4 kg Gehu
Food,1 lit 
Food,Home Food Delivery
Household,Toast 55 + Kisan Jam 85 + all out 75
Education,Photo paper print
Food,brown bread
Household,Amul butter 52 + Good Day biscuits 43
Food,
Family,
Food,vegetables
Household,Pani Puri packet + Bundi + chivda
Food,milk 1lit varna
Food,onion 1 kg + half kg potato
Household,Maggie + lizol
Food,Shev bhaji sev pav kg
Transportation,2 Place 0 to Current Residence
Food,At restaurant
Food,
Household,USB cord
Household,Screwdriver 2
Other,Shopping at Alfa
Transportation,Place P station to Alfa market
Transportation,Place 4 station to Place P return
Transportation,Place 0 to Place P return
Food,6 eggs
Food,Half lit  milk
Equity Mutual Fund F,
Apparel,clothes ironing : Rs 6 per item
Household,Colgate max fresh small
Household,
Health,Acne Star cream
Food,Bhendi bhaji
Food,1 lit 
Household,
Gpay Reward,
Food,1 kg apple
Food,1 lit 
Equity Mutual Fund E,
Food,6 eggs
Transportation,Place 0 to Current Residence
subscription,Current Residence - Tata Play recharge
Equity Mutual Fund A,
Saving Bank account 1,
subscription,
Food,2 pavwada
Other,Dambar goli 2 packets ( Naphthalene balls)
subscription,Mobile Service Provider freedom pack
Salary,From workplace 
Recurring Deposit,
Recurring Deposit,
Public Provident Fund,
Money transfer,
subscription,Mobile Service Provider freedom pack
subscription,Mobile Service Provider freedom pack
subscription,subscription 1yr
Transportation,Permanent Residence to bus stand
Transportation,within city
Festivals,Offering
Festivals,Offering
Festivals,Offering
Petty cash,From Family
subscription,Mobile Service Provider freedom pack
Food,Dahi
Household,Shampoo sachets
Apparel,Slippers
Festivals,Aakash kandil
Household,Dettol liquid handwash refill
Household,flour mill
Household,
subscription,Permanent Residence - Tata Play recharge
Transportation,Current Residence to Place 1 bus stop highway
Equity Mutual Fund C,
Other,ipad cover + case
Food,Onion half kg 13 + milkybar 10 + Colgate maxfresh 10
maid,
Gift,farewell contribution
Festivals,Rangoli + stamp
Food,Gupta bhel
Transportation,2 Place 2 to Place 3 : Sevagram express 3AC
Transportation,2 Place 3 to Place 2 : Amritsar express 3AC
Petty cash,From Family
Family,
Equity Mutual Fund D,Lumpsum
Transportation,Place 2 to Place 3 sevagram
Household,flour mill
Share Market,Stock market
Equity Mutual Fund F,
Food,
Food,vegetables
subscription,1 Year Plan (40mbps + UL+ 3 Months Free)
Gift,For Friend
Family,Fab India
Equity Mutual Fund E,
Health,
Other,account opening fee
Equity Mutual Fund A,
subscription,
Health,Boroline + band aid
Family,
Household,Supermart
maid,
subscription,3 months subscription Mobile
Recurring Deposit,
Recurring Deposit,
Public Provident Fund,
Money transfer,
Health,Candid dusting powder
Household,Supermart
Food,vegetables
Food,vegetables
Household,Cooktop installation+ base
Salary,From workplace 
Interest,interest paid
Apparel,clothes ironing : Rs 6 per item
Food,Gupta bhel
Food,Vanila cup
Health,3 tablet Nor tz
subscription,Current Residence - Tata Play recharge
Transportation,2 Place 1 to Place 2 - Novelty tour and travels
Household,
Gpay Reward,
Gift,farewell contribution
Food,half kg chiku
Food,Apple 2 kg (110) + Banana 1kg (80)
Transportation,2 Place 0 to Current Residence
Transportation,Place 0 to WS return
Culture,2
Food,Half kg pedhe
Beauty,hair cut
Food,Chicken masala gravy
Equity Mutual Fund C,
Other,Umbrella cover repair
Transportation,Place 0 to Current Residence
Food,Vadapav
Food,
Transportation,Place 0 to dadar return
Family,
Health,Surgical gloves pair
Other,CSR
Family,
Health,
Food,half kg chiku
Food,Nariyal
Household,
Health,
Household,Supermart
Food,
Food,1.5 lit milk 
Food,Sugaran Kitchen
Food,
Food,Nariyal
Health,
Health,Doctor Fees
Transportation,2 Place 2 to Place 1 - Novelty tour and travels
Food,2 tea parcel
Food,2 plates poha
Food,milk 1lit 
Food,
subscription,Current Residence - Tata Play recharge
Food,Sugaran Kitchen
Gpay Reward,
Food,milk 1lit 
Transportation,Current Residence to Place 1 bus stop highway
Transportation,2 Place 1 to Place 2 - Novelty tour and travels
Family,
Gpay Reward,
Food,vegetables
Transportation,Local pass to Family
Transportation,2 Current Residence to Place 0
Food,Idli 4 pcs + kachori 4 pcs
Household,Supermart
Equity Mutual Fund F,
Health,V-wash
Transportation,2 Place 1 to Place 2 - Novelty tour and travels
Food,M D sure 4kg atta
Equity Mutual Fund E,
Family,
Other,Pant chain repair
Food,Sweet bread cake 90 + veg puff 2
subscription,
Education,Print outs+ Xerox
Equity Mutual Fund A,
Food,4 cups (2 Vanilla 2 tutifruity)
Other,clock cell
subscription,
maid,
Food,milk 1lit 
Recurring Deposit,
Recurring Deposit,
Public Provident Fund,
Money transfer,
Other,Sms charges + GST
Household,Odonil
Household,Honey small bottle
Household,Janeyu
Household,Nariyal
Gpay Reward,
Gpay Reward,
Food,1.5 lit milk 
Health,5 Meftal spas
Salary,From workplace 
Transportation,Ola cab - Domestic airport T1 to Current Residence
Tourism,Misc expense
Food,2 chips packets
Tourism,Misc expense
Health,Vicks inhaler
Transportation,market to resort
Food,Parle G chota pack
Maturity amount,FD matured
Health,strepsils 13 pills
Transportation,Auto : Mahal to hotel
Food,roof top lounge  (200 french fries + 100 masala tea)+15 GST + 10 Tip
Household,2 Bedsheets (1500 each)
Apparel,Jaipuri handprinted Maharani Saree (1850 Two pcs + 1500 1 pc)
Food,180 Chicken Sandwich + 120 vada pav & Samosa
Transportation,Ola cab - Current Residence to Domestic airport T1
Family,
Household,Mahanagar Gas connection installation
Life Insurance,
Equity Mutual Fund C,
Household,Selfie stick Bluetooth tripod
Beauty,Shaving
Food,1.5 kg onions
Beauty,Lens cleaner
Education,15 fevistick + 12 xerox2 & print2
Food,Baskin Robbins
Food,280 chicken dum biryani+ 200 paneer tikka laziz + GST
Transportation,BKC to kurla station
Transportation,Ola cab - siddhivinayak to BKC
Transportation,Dadar West to siddhivinayak
Transportation,2 Place 0 to dadar return
Transportation,2 Current Residence to Place 0
Apparel,clothes ironing : Rs 6 per item
Other,Mobile cover moto G5 plus
Household,Foldable wardrobe
Household,2 locks for bags
Household,Colgate max fresh small
Household,Dettol sanitizer
subscription,Current Residence - Tata Play recharge
Family,
maid,
Household,Sugar 1kg Rs.55 + shengdana Rs.33
Food,2 Bhaji pav + 1 vadapav
Household,Wifi Router TP link
Food,1.5 lit milk 
Household,Steam machine
Household,Biscuits+ onions
Festivals,Ganpati+ navratri vargani
Transportation,2 Place 2 to Place 1 - Shree Sharma Travels
Gift,Rakshabandhan ovalini
Transportation,2 CD to Place 1: shivshahi
Transportation,within city
Transportation,2 Place 1 to VN
Transportation,Current Residence to Place 1 bus stop highway
Household,Dahi (42) + Vanilla essance (34)
Food,milk 1lit 
Gpay Reward,
Equity Mutual Fund F,
Gpay Reward,
Household,Dettol liquid handwash refill
Health,Move jel
Tourism,Tours and Travel
Food,milk 1lit 
Gpay Reward,
Family,
Food,Half lit  milk
Equity Mutual Fund E,
Gpay Reward,
Health,Vicks VapoRub
subscription,
Household,
Food,krack Jack biscuits
Food,5 chapati
Gift,Purse on occasion of Rakshabandhan
Gift,Purse on occasion of Rakshabandhan
Apparel,Family's dresses
Health,Cinarest
Family,Change
Health,Medical tests - Family
Equity Mutual Fund A,
Gpay Reward,
subscription,Family Mobile Service Provider recharge
Food,milk 1lit 
subscription,
subscription,
Food,Maggie 1 pck
Food,milk 1lit 
Apparel,Myntra - tshirt+ denim shorts
Health,4 paracetamol tablets
Recurring Deposit,
Recurring Deposit,
Money transfer,
Public Provident Fund,
Food,Catering Service:Chicken masala (90)+2 chapati (10)
Transportation,ola auto - Current Residence to McD
Food,4 eggs
Gpay Reward,
Food,Dahi 2 packets
Transportation,2 Neeta travels : Place A to pune
Household,Laptop repair
Household,Laptop repair ( 128gb SSD rs 2200+ 500gb HDD Rs.1800 + Msoffice+ windows)
Food,Chicken roll kasha
Transportation,Place 0 to Place 4 return
Salary,From workplace 
Food,milk 1lit 
Health,Hospital consultation
Transportation,ola auto - Current Residence to hospital Place 6
Transportation,2 Place 0 to Current Residence
Health,Hospital consultation
Health,Hospital consultation
Transportation,2 Place 0 to Place 6 return
Transportation,2 Current Residence to Place 0
Food,Non veg overloaded pizza
Food,Chicken lollypop 4 pcs
Household,Distilled water refill Inverter (Rs.100 given by Family)
Maturity amount,RD2 matured
Maturity amount,RD1 matured
Tax refund,
Tourism,Tours and Travel
Food,Garlic bread + periperi masala fries
Food,4 eggs
Food,milk 1lit 
Household,For tata sky installation (100 rs given by Family )
Household,Tata sky STB (1299)+ 1 month recharge (226)+ extra wire 45meters(540)
Food,Amul butter
Food,milk 1lit 
Equity Mutual Fund C,
Other,CA  - income tax filing
Food,Half lit  milk
Food,
Food,Puri packet of 50 pcs
subscription,Annual recharge
Food,Half lit  milk
Food,4 eggs
Food,Half lit  milk
Food,Thumbs up 250ml
Food,5 litres can
Food,Gehu 3 kg Rs21 + bajari 1kg Rs 7 + dal 1.5 kg Rs15
Food,potato 1kg
Household,Pakad
Household,Umbrella
Other,Hari oil depo coupon
Food,onion 2.5 kg
Transportation,2 Place 0 to Current Residence
Apparel,9 clothes ironing
Food,Lemon tea
Food,1 dal makhani rice(200)+ 1 chicken tikka rice(220)+chocolate pastry (120)
Transportation,2 Place 0 to TB returns
Food,Gupta bhel
Food,Half lit  milk
Food,chocobar
Gpay Reward,reward Gpay
Equity Mutual Fund B,
Gift,farewell contribution
Food,milk 1lit 
Food,chocobar
Education,Black Ball pen
Family,
Other,Gift from inlaws
Family,
Food,2 packets
Equity Mutual Fund F,
Household,
Food,sugarcane juice
Food,Vadapav
Transportation,2 Place 3m to Mumbai vidyapeeth
Transportation,2 Place 0 to Place 3 returns
Transportation,2 Current Residence to Place 0
Food,Pizza base packet - Patil dairy
Food,4 eggs
Food,milk 1lit 
Equity Mutual Fund E,
Equity Mutual Fund E,Lumpsum
Food,Paneer mutter Rs.90+ 5 chapati Rs.25
Food,2 Kg Onion 30/kg + 1 kg Potato 30/kg + Parle Biscuit Rs 10
Food,veg fried rice 1 full
Equity Mutual Fund A,Lumpsum
Equity Mutual Fund F,Lumpsum
Food,Catering Service (1 bhaji 30 + 3 chapti 15)
Equity Mutual Fund A,
Food,Dalich peeth pav kg
subscription,
Transportation,Place 1 bridge to Current Residence 2 seats
Food,
Food,milk 1lit 
Other,Devi Temple
subscription,
Food,7 mava kulfie
Saving Bank account 2,
Transportation,2 Place 2 to Place 1 - Shree Sharma Travels
Recurring Deposit,
Recurring Deposit,
Money transfer,
Public Provident Fund,
Gift,Forrest essential perfume
Interest,interest paid
Salary,From workplace 
Beauty,Shaving
Transportation,Place 2 station to hospital 2 seat
Transportation,2 Place 0 to tilaknagar single side
Transportation,2 Current Residence to Place 0
Food,Chicken lollypop 4 pcs
Food,5rs mirchi + crack-jack
Family,
maid,House Cleaning + washing utensils
Recurring Deposit,New RD opened for 3 years
Fixed Deposit,New FD opened for 3 years
Health,Cough-sills 4 pcs
Food,2 kachori
Food,Dahi 2 packets
Food,milk 1lit 
Transportation,Place 0 to WS return
Food,milk 1lit 
Food,Shengdane pav kg
Other,Credit Card fee
Food,milk 1lit 
Gift,Forrest essential after shave
Food,Taco Bell veg combo
Transportation,2 Place 0 to WS returns
Transportation,2 Current Residence to Place 0
Gift,Cupcake mould
Food,Shev bhaji sev pav kg
Food,M D sure 3kg atta
Food,Amul malai paneer pav kg
Food,Bread
Food,milk 1lit 
Transportation,H to kala circle
Transportation,Kala circle to H
Food,milk 1lit 
Gift,Jeff kellar's winning attitude
Food,milk 1lit 
Other,Courier
Education,Print outs 3 + Xerox 16 + envelope 10
Food,milk 1lit 
Beauty,hair cut
Food,milk 1lit 
Health,Covaxin booster dose
Transportation,2 Kushinagar express (LTT to Place 2)
subscription,TOI
Recurring Deposit,
Equity Mutual Fund F,
Transportation,2 Place 0 to Current Residence
Transportation,2 Current Residence to Place 0
Culture,2 tickets - Cinepolis 4DX 3D
Food,Bread
Food,milk 1lit 
Food,6 pcs
Household,Sanjori mould
Equity Mutual Fund E,
Education,Print out
Food,2 Veg puff
Food,milk 1lit 
Food,Chicken Biryani 120+ dal rice 60
Food,2 Cadbury dairy milk
Health,3 Sinarest
Health,Sofy antibacterial
Family,
Recurring Deposit,
Equity Mutual Fund A,
Food,Pav kg Simla mirch 20 + Hari mirch 5
Food,milk 1lit 
Food,sugarcane juice
Household,Supermart
Food,Non veg overloaded pizza
subscription,
Food,Vadapav
Food,M D sure 3kg atta
Food,2 kachori
Food,milk 1lit 
Saving Bank account 2,
Public Provident Fund,
maid,
Money transfer,
Apparel,undergarments pair of Jockey
Salary,From workplace 
Food,5 chapati
Transportation,2 Place 0 to Current Residence
Food,Slice + Pepsi
Food,2 veg Frankie
Household,Crockery
Food,2 tea
Transportation,2 Place 0 to Place P return
Transportation,2 Current Residence to Place 0
Food,Half kg potato + half kg banana
Education,Xerox
Food,milk 1lit 
Household,
Food,2 kachori
Food,
Food,Mango 1 kg
Food,
Food,
Food,Medu vada 1 plate + dal vada 1
Food,milk 1lit 
Education,Print outs+ Xerox
Food,Pav kg tomato
Food,Ragda Puri
Transportation,Place 0 to Vikhroli single
subscription,
Food,Samosa pav @ kurla
Transportation,Place 0 to Vikhroli return
Food,milk 1lit 
Food,Gupta bhel
Household,Rasna orange
Education,White board pen 25 + duster 50
Food,M D sure 2kg atta
Household,3 pin Holder
Food,Coke 750ml
Food,sugarcane juice
Life Insurance,
Transportation,2 Place 0 to Place 4 return
Transportation,2 Current Residence to Place 0
Food,3 kg ( 2kg bajari Rs 7 each + 1kg gahu & maka mix Rs.10)
Transportation,Decathlon to station
subscription,Monthly recharge
Food,pav bhaji + 5 pav extra
Food,
Food,
Food,Bhai poli
Food,Poha
Beauty,Shaving
Food,milk 1lit 
Food,
Food,
Food,Vanila family pack
Food,Full egg fried rice 100 + Manchurian dry 100
Food,
Food,
Beauty,Razor Blade
Food,Non veg combo meal
Food,
subscription,March 210 + April 170
Food,Veg cheese grill sandwich
Food,Poha 25+ tea 10
Household,Shev bhaji sev
Food,Non veg overloaded pizza
Food,Non veg overloaded pizza
Food,
Food,4 chapati
Food,
Food,Medu vada 1 plate
Food,
Food,4 chapati
Food,
Family,
Food,Full egg fried rice 100 + chicken lollypop 4 pcs 130
subscription,
Food,
Beauty,Body hair removal cream
Education,Courier
Education,Xerox
Education,2 envelope
Food,4 chapati
Food,Sweet bread cake 85 + veg puff 2
Food,Dudhi 30 + 3 chapati
Food,Tea + 2 kachori
Recurring Deposit,
Equity Mutual Fund F,
Food,Cornetto butterscotch
Food,
Food,4 chapati
Food,Chana masala 30 + 3 chapati
Food,Egg fry + chicken lollypop
Food,Poha 25+ tea 10
Food,Aloo mutter sabji
Food,Chicken manchow soup
subscription,No daily limit plan ( 25 GB 30 days)
Food,Double omlet pav + tea
Equity Mutual Fund E,
Food,5 chapati
Food,Veg puff
Food,
Food,Paneer masala + hara bhara kabab 6 pcs
Food,Bhendi masala 30 + 3 chapati
Food,sugarcane juice
Food,Bread
Recurring Deposit,
Equity Mutual Fund A,
subscription,No daily limit plan ( 25 GB 30 days)
Transportation,Place 0 to Current Residence
Transportation,40 Place 0 to Place 3 return+ 20 single
Transportation,2 Current Residence to Place 0
Transportation,Place 0 to Place 6 return
Household,Gas stove elica 3 burner
Gift,Decathlon shoes
Transportation,Place 3 to Place 2 sevagram
subscription,
Health,Q-dee strip
Apparel,Puma Troy mu running shoes
Food,2 cups
Food,milk 1lit 
maid,
Food,2 Fried rice
Transportation,2 Place 0 to Current Residence
Transportation,2 Place 0 to WS single
Transportation,2 Current Residence to Place 0
Apparel,Shorts for Family
Apparel,H&M Tshirt for Family
Other,To savings account
Food,M D sure 1kg atta
Public Provident Fund,
Money transfer,
Food,chocobar
Salary,From workplace 
Transportation,2 Place 0 to Current Residence
Food,6 bananas
Food,Chicken lollypop 8 pcs
Food,2 Pani Puri+ 1 samosa chat
Food,Chota bread
Food,milk 1lit 
Food,Cup of butterscotch (20) + chocobar (10)
subscription,1 month subscription
Food,milk 1lit 
Gift,farewell contribution
Food,2 kachori
Transportation,Place 6 station to college
Transportation,2 Place 0 to Place 6 return
Transportation,2 Current Residence to Place 0
Food,milk 1lit 
Other,Family's Wristwatch repair
Food,Ladyfinger pav kg
Food,2 Veg puff
Food,sugarcane juice
Transportation,Place 0 to Vikhroli return
Food,milk 1 lit (64) + paneer (75) + bread (30) + 6 eggs (36)
Health,Q-dee strip
subscription,Monthly recharge
Household,Smart point
Food,milk 1lit 
Food,Raspberry dolly
Food,milk 1lit 
Food,"The X restaurant, Place 1"
Family,H&M clothes
subscription,
Family,
Food,8 pcs meduvada + 4 pcs dal vada + sambar + chatni
Food,sugarcane juice
Recurring Deposit,
Equity Mutual Fund F,
Equity Mutual Fund E,
Transportation,Place 6 to Place 2 - 3Tier AC cancellation charges
Recurring Deposit,
Equity Mutual Fund A,
Food,chocobar (25)+ chocolate cup (20)
Food,1 chicken shawarma
subscription,
Food,egg roll
Food,Half kg potato
Food,Sambar masala (32)+ 2 milkybar
Public Provident Fund,
Money transfer,
Salary,From workplace 
Transportation,2 Place 0 to dadar return
Transportation,siddhivinayak to shiv sena bhavan
Transportation,Dadar West to siddhivinayak
Food,( pav bhaji + 2 extra pav + sabudana khichdi + kothimbir vada + masala bhat + piyush )
Transportation,Place 4 station to Place 4 plaza
Household,Laptop repair (servicing+ 2gb ram upgrade + fan replacement + antivirus)
Transportation,Place 0 to Current Residence
Transportation,2 Current Residence to Place 0
Interest,interest paid
Household,
Food,Soda water
Household,USB cord
Food,milk 1lit 
Household,Smart
Food,milk 1 lit
Food,Dahi 2 packets
Gpay Reward,reward Gpay
Health,Tablet
Health,Jel
Transportation,Place 2 to Place 1
Health,Doctor Fees
Food,milk 1 lit
Family,
Food,3 sugarcane juice
Other,Fifa 21 pc
Transportation,2 Place 0 to Current Residence
Transportation,
Household,Mattress advance
Transportation,within city
Transportation,2 Place 6 to Place 7
Transportation,2 Place 0 to WS returns
Transportation,2 Current Residence to Place 0
Transportation,Place 6 to Place 2
Household,2 Spike guard
subscription,Mobile Service Provider freedom pack
Food,2 samosa (32) + 25 Pani Puri
Food,
Food,Grapes + apple + guava
Other,scrap
subscription,6 months ( 30mb UL plan + 1 month free)
Household,drainage powder
Household,2 toast+ 2 parle g + Marie gold
Food,2 softy
Household,2 bath stool
Food,
Household,Wall hanging clipboard
Beauty,hair cut
Household,ceiling fans repair
Transportation,2 Place 0 to Current Residence
Food,2 sugarcane juice
Food,pav bhaji pav(90) + 4 pav extra(40)
Culture,2 Batman tickets
Transportation,2 Place 0 to Place 4 return
Transportation,2 Current Residence to Place 0
Transportation,2 Place 0 to Current Residence
Transportation,2 Place 0 to WS returns
Food,bhel + shev puri
Food,1.5 lit milk + 3 cold drink + 1 khari + 1 bread
Transportation,2 Place 2 to Place 1
subscription,Mobile Service Provider freedom pack
Food,milk 1lit 
Food,3 plate kachori
Recurring Deposit,
Equity Mutual Fund F,
Food,2 orange juices
Food,2 Schwan chutteny + 2 cheese cube + amul butter
Food,naturals
Food,1 kg apple + grapes 0.5 kg
Food,
Food,vanilla ice cream cups 2
Food,milk 1lit 
Equity Mutual Fund E,
subscription,
Food,milk 1lit 
Food,2 plate medu vada + 2 pcs dal vada
Apparel,footwear repair
Household,plastic kharata + brush
Food,
Transportation,Place 0 to sec 21
Food,sugarcane juice 2
Transportation,Place 0 to Place 6 return 2
Transportation,Current Residence to Place 0
Recurring Deposit,
Equity Mutual Fund A,
Food,vanilla ice cream cups 2
Food,milk 1 lit + butter milk + srikhand pav kg
Household,measuring tape
Public Provident Fund,
Money transfer,
Transportation,within city
Salary,From workplace 
Food,sabudana + rajgira ladu
Transportation,Place 0 to Current Residence
Transportation,2 Place 3m to vadala rd
Transportation,BEST 138 - Marine drive to Place 3m
Food,
Other,fine
Food,At restaurant
Transportation,2 Santacruz to churchgate
Food,sugarcane juice 2
Transportation,share auto - mumbai University Kalina to Santacruz station
Transportation,Current Residence to Place 0
Transportation,2 Santacruz return
Transportation,Santacruz to Kalina University
Transportation,2 TB return
Transportation,Place 0 to Current Residence
Transportation,Current Residence to Place 0
Food,6 chapati(8 rs) + half rice
Household,3 Wall clock cell
Food,milk 1lit  + amul butter milk
Transportation,Place 0 to WS returns
Transportation,Current Residence to Place 0
Household,
Household,dustbin + basin sink cover
Food,2 Jumbo king burger
Household,exide inverter battery 150amp
Household,tube and inverter fitting
Household,hp cylinder
Food,veg paneer tikka 4 roti
subscription,
Food,veg triple Schwan fried rice
Food,milk 1 lit + butter milk
Food,3 tea yevle amrutullya
Food,At restaurant
Food,2 vanilla + 2 butterscotch
Education,stamp pad
Transportation,Place 2 to Place 1
Food,pav vada
Money transfer,To Family
Food,sugarcane juice 2
Education,laminated colour print out
Apparel,undergarments pair of Jockey
Family,
subscription,Mobile Service Provider recharge wfh
Gift,farewell contribution
Life Insurance,
subscription,Mobile Service Provider recharge wfh
Other,laptop repair (format 350 + quick heal pro 500)
Other, courier
Food,single pav vada
Family,
Recurring Deposit,
Equity Mutual Fund F,
Gift,Handbag to Family
Equity Mutual Fund E,
Food,half kg chiku
Food,1 kg apple
Food,vegetables
Food,jira + toast pav kilo
Transportation,within city
Food,
Transportation,N to M
Recurring Deposit,
Equity Mutual Fund A,
Apparel,clothes ironing
Food,5 pouch of shreejal
Food,samosa + sabudana vada
Food,half liter buffalo
Health,meftal spas
Food,parath + chicken biryani
Food,shreejal 1
Food,parle top biscuits
Food,chicken roll
subscription,
Food,At restaurant
subscription,Mobile Service Provider recharge wfh
subscription,Mobile Service Provider recharge wfh
Food,half liter buffalo
Public Provident Fund,
Money transfer,
Salary,From workplace 
Food,half liter buffalo
Food,half liter buffalo
Food,single pav vada
Food,3 parathe ( 80 mix veg + 70 methi + 100 paneer aloo)
Food,cheese chilli toast sandwich 1
Food,2 Shegaon kachori (nasik)
Food,brown bread
Food,half liter buffalo
Transportation,within city
Transportation,2 tickets Place 2 to N
Transportation,within city
subscription,
Gift,Birthday gift
Family,
Food,
subscription,Mobile Service Provider recharge
subscription,Mobile Service Provider recharge wfh
Food,2 Bombay vada pav
Family,syrup
Transportation,GHroad to Permanent Residence
Household,chair pair
Other,adhar pvc card order
Food,chole + shev
Food,fruits and vegetables + kirana
Food,3 chips packets + bread
Health,adulsa ( tonic for cough )
Recurring Deposit,
Equity Mutual Fund F,
Food,1 kg apple + bananas
Food,Himalaya soap(30) + Sofie (59) + kitkat (10)
Beauty,hair cut+shaving
subscription,1 month subscription
Transportation,Place 2 bus stand to Permanent Residence
Food,woffel
Transportation,Current Residence to hotel on highway
Equity Mutual Fund E,
Transportation,Place 1 to Place 2 - Novelty tour and travels
Food,veg paneer tikka 3 roti
Food,milk 0.5 lit 
Household,moscuito racket
Food,4 Shegaon kachori
Recurring Deposit,
Equity Mutual Fund A,
Household,inverter battery check
Food,milk 0.5 lit 
subscription,Mobile Service Provider recharge wfh
Food,biscuits+icecream
subscription,
Food,fruits and vegetables
Food,Pastry 2
Food,yevle amrutullya
Food,milk 0.5 lit 
Food,2 uttapam
Food,
Food,farm house pizza
Culture,Imax 3D
Transportation,Place 0 to WS returns
Transportation,Current Residence to Place 0
Transportation,Current Residence to Place 0
Household,belan
Food,1 veg noodles + 1 chicken soup + 1 egg fried rice
Food,fruits and vegetables
Health,antibiotics
Food,1kg atta
Household,Channi + viper+ ghasni
Food,pizza meal
Health,Doctor Fees
Public Provident Fund,
Money transfer,
Food,milk + butter + biscuits/toast
Food,1 chicken shawarma + 1 chicken lollipop - 1 veg cheese burger
Food,1 Panipuri
Gift,Birthday gift
Health,strepsils 1 strip
Food,veg fried rice
Salary,From workplace 
subscription,EMI 1
Food,edible oil
Transportation,Permanent Residence to bus stand
Other,xerox
Food,2 chips packets
Food,1 sher bajri 1 kg dadar 1 kg makka
subscription,
Transportation,LTT to Place 2 (Patna Exp) cancellation
Gift,Nokia 215 mobile for Aai
Food,Monaco biscuits
Other,specs
subscription,Mobile Service Provider recharge wfh
Gift,farewell contribution
Transportation,Place 5 to Place 1 sevagram
Family,sweater
Transportation,LTT to Place 2 cancellation
Transportation,Place 2 to Place 1 - Novelty tour and travels
Food,2 dabeli
Household,sensitive toothbrush
Food,chips 1 Kurkure (19) 1 lays (10)
Food,1 kg mosambi 1 kg apple
Bonus,reward Gpay
Family,
Bonus,reward Gpay
subscription,Mobile Service Provider recharge wfh
Food,
Other,kalnirnay calender
Household,oralB toothbrush with cap
Gift,farewell contribution
Other,jeevan drop
Health,Doctor Fees
Health,eye drop maxmoist
Food,chocobar
Investment,
Recurring Deposit,
subscription,Mobile Service Provider recharge wfh
Food,cheese cubes(2)
Other,OTT Platform 1 subscription
Investment,
Family,tonic
Investment,
Recurring Deposit,
Food,gilke
Food,kadhipatta + 2 lemon
Food,kandyachi paat
Food,tomato
Food,onion 1 kg
Food,val + methi + lady finger
Food,carrets + brinjal + flower
Food,3 chips packets
Food,pav bhaji pav 3 packets (8pcs each)
Food,8 bananas
Food,Colgate max fresh medium
Food,2 milkybar
Investment,
Money transfer,
Family,leggings
Salary,From workplace 
Bonus,reward Gpay
subscription,Mobile Service Provider recharge wfh
subscription,mobile recharge sim 2
Family,Himalaya shampoo
Household,Metz 32 inch TV
Other,flour mill
Food,mava 1 large
Bonus,reward Gpay
subscription,Mobile Service Provider recharge wfh
Transportation,within city
Health,strepsils
Transportation,within city
Transportation,Locality V to Permanent Residence
Food,poppins
Food,"3 parathe , 1 Hara bhara kabab, 1 rabdi malai, 1 masala papad, 1 pepsi"
Transportation,within city
Food,two water bottles
Other,Sayaji baug express (50/adult)
Transportation,ola auto - BRC 
Transportation,Place T to brc
Transportation,share jeep - Place T top to base (50/person)
Food,lemon juice ( 20/person)
Other,"Puja saman (150 for 5 Nariyal, 400 for 1kg sweets and 190 for rest)"
Transportation,ropeway Place T to and fro (169/person)
Transportation,share jeep - Place T base to top (50/person)
Transportation,share auto - Place H to Place T base (20/person)
Transportation,bus - brc to Place H ( 27/person)
Transportation,within city
Food,single pav vada
Food,lemons
Other,flowers
Food,apple + mosambi 1kg each
Transportation,Veer Travels - BRC to Place 2 ( 2 Adults)
Transportation,Kabra Travels - Place 2 to BRC (2 Adults)
Health,mouth fresh
Food,Bombay vada pav
Transportation,Permanent Residence to Bandhu prem
Investment,RD
Investment,Life Insurance
Investment,
Investment,
Other,gulal
subscription,1 month subscription
Food,ice cream
Transportation,Permanent Residence to hospital
Investment,RD
Investment,
Festivals,firecracker
Food,butter + frozen vatana+ 9 pan
Other,cake + Happy Birthday letters
Health,medicine
Bonus,Diwali gift
Grooming,cutting + shaving
Festivals,firecracker
Food,mosambi 1kg
Investment,
Money transfer,
Festivals,Mi band 5 ( Bhaiduj gift)
Salary,From workplace 
Health,syrup+tablet+ mortein refill
Transportation,Permanent Residence to pathology
subscription,
Family,Undated Planner - June shop
Food,mehndi
Food,apple + mosambi 1kg each
Health,
Food,egg roll
Food,popcorn+mehndi+mosambi+orange+all out refill
Food,Khari
Food,pav vada
Food,butter + paneer + pav+batate+tamate
Food,
Food,sugar + biscuits
Family,scratch guard ipad
Food,coconut
Food,apple half kg+ mixer repair+flowers
Investment,
Investment,
Investment,
Family,scratch guard ipad
Health,
Transportation,Permanent Residence to hospital to n fro
Food,mosambi 1kg+ gavar pav kilo+lemon 3 + kothimbir
Beauty,razor
subscription,1 month subscription
Investment,
Investment,
Festivals,vargini
Investment,
Money transfer,
Interest,interest paid
Salary,From workplace 
Other,flour mill
Food,
Food,chocobar+milk+chips
subscription,
Family,baggit purse
Food,brownie
Food,riverdine date
Food,bread
Food,half liter buffalo
Food,vanilla ice cream cups 2
Food,badishop
Food,half liter buffalo
Transportation,meghdoot to plaza
Investment,
Investment,
Food,1lit buffalo milk
Food,cold coffee
Food,bread
subscription,
Food,1 dozen
Investment,
Transportation,Place 6 to Place 2
Investment,
Investment,
Transportation,Place 2 to mum
subscription,
Investment,
Money transfer,
Salary,From workplace 
Festivals,Ganesh idol
Household,boric powder
Household,lizol
Festivals,rakshabandhan ovalni 
Family,
Festivals,rakshabandhan ovalni 
Other,earphones
subscription,
Other,pens
Grooming,hair cut
Investment,Life Insurance
Investment,
Investment,
subscription,
Investment,
Family,PET Psychology
Investment,
Investment,
Family,ipad cover
Investment,
Money transfer,
Salary,From workplace 
Other,frame for specs
subscription,
subscription,
subscription,Mobile Service Provider recharge 365 days
Health,citrizen + crocine
Investment,
Investment,Mutual fund C
Investment,Mutual fund B
Investment,
Investment,Mutual fund A
subscription,
subscription,
Family,Family Mobile Service Provider recharge
Investment,
Money transfer,
Interest,interest paid
Other,pan card application
Salary,From workplace 
Transportation,Chalisgaon to Baroda return
subscription,
subscription,Amazon prime subscription
subscription,Mobile Service Provider sim card porting
Food,icecream
Food,grocery
Family,Family exam form
Other,flour mill
Food,
subscription,
Investment,
Investment,Mutual fund C
Investment,Mutual fund B
Investment,
Investment,Mutual fund A
Food,biscuits + medicine
Investment,
Money transfer,
Food,1 Jar
Salary,From workplace 
Transportation,Permanent Residence to LB road
subscription,
Food,sanitary napkins+chocolates+Maggie+khajoor
Grooming,hair cut+shaving
Transportation,Permanent Residence to nearby hospital
Food,agarbatti + icecream pack
Investment,Life Insurance
Other,Aadhar mobile number and email id updated
subscription,
Investment,
Investment,Mutual fund C
Investment,Mutual fund B
subscription,
Investment,
Investment,Mutual fund A
subscription,
Other,flour mill
Investment,
Money transfer,
Salary,From workplace 
subscription,subscription
Food,dettol handwash + khari + toast + goodday
subscription,kindle unlimited
subscription,
Household,sensodyne toothbrush
subscription,
Investment,
Investment,Mutual fund C
subscription,
Food,
Investment,Mutual fund B
Investment,
Investment,Mutual fund A
subscription,subscription 1 yr
subscription,
Food,rasna orange
Transportation,LB road to Permanent Residence
Other,jeevan drop
Investment,
Money transfer,
Salary,From workplace 
Other,owalni
Other,hit spray(99)+biscuits+mask
subscription,kindle unlimited
subscription,
Food,sambhar masala
Other,print out
Gift,Ganesh murthi
subscription,Mobile Service Provider recharge wfh
Food,cheese cubes(2)+ neutralite butter
Other,watch repair
Education,Gel pens
Investment,
Investment,Mutual fund C
Investment,Mutual fund B
subscription,Mobile Service Provider recharge wfh
Investment,
Investment,Mutual fund A
Investment,
Food,biscuits
Grooming,hair cut
Food, pedhe
Other,flour mill
subscription,Mobile Service Provider recharge wfh
Other,moscuito racket
Food, pedhe
Money transfer,
Salary,From workplace 
subscription,audible subscription
Food,5star (2)+munch(2)
subscription,kindle unlimited
Food,biscuits
Food,bread (10)+Cadbury(10)+ cheese + myvaneese+pav bhaji masala
Transportation,within city
Health,hand gloves 4 pairs
Investment,
Investment,Mutual fund C
Investment,Mutual fund B
subscription,Mobile Service Provider recharge wfh
Food,
Investment,
Investment,Mutual fund A
Investment,
Money transfer,
Salary,From workplace 
subscription,audible subscription
subscription,kindle unlimited
Other,wedding gift
Apparel,slippers
Investment,
Investment,Mutual fund C
Household,chalk for ants
subscription,Mobile Service Provider recharge wfh
Other,laptop table
Investment,Mutual fund B
Investment,
Investment,Mutual fund A
Food,cake
Transportation,grandparents to Permanent Residence
Food,Everest pav bhaji masala
Investment,
Money transfer,
Food,Amul butter 100gm(4 pcs)
Food,cake + balloon (150)+caps(50+40)
Salary,From workplace 
Food,cake advance
Beauty,hair cut+shaving+dye+facial
Other,flour mill
Other,audible subscription
Apparel,sliper
Household,dustbin bags
Other,kindle unlimited
Gift,secret Santa - diary
Food,
Health,hand sanitizer
Health,eye drop maxmoist
Transportation,within city
Transportation,station to Permanent Residence
Investment,
Recurring Deposit,
Other,flour mill
Investment,reliance mutual fund
Recurring Deposit,
Food,Cadbury 2 + chips 2
Other,petrol
Investment,ICICI prudential
Apparel,Kolhapuri chappal
Apparel,roadstar black fishermen sandals
Food,
Money transfer,
Public Provident Fund,
Gift,to Family
Salary,From workplace 
Transportation,
Transportation,
Transportation,
Food,egg roll
Other,audible subscription
Other,Mobile Service Provider recharge wfh
Food,1 dozen
Bonus,Diwali gift
Other,flowers (.5kg)+sweets (.25gm+10/-)+vegetables (1.5kg)
Food,egg roll
Recurring Deposit,
Investment, mutual fund
Investment,reliance mutual fund
Other,Mobile Service Provider recharge wfh
Investment,ICICI prudential
Recurring Deposit,
Food,12 eggs
Public Provident Fund,
Transportation,Permanent Residence to nearby  hospital
Money transfer,
Transportation,Locality V to Permanent Residence
Food,water bottle + khari sing
Transportation,b45 to Pandya bridge
Food,
Salary,From workplace 
Food,sweats
Health,face mask
Transportation,golden circle to b45
Beauty,hair cut
Transportation,Permanent Residence to kacheri
Transportation,redbus - brc to Place 2
Gift,to Family
Transportation,Place 2 to brc travels
Other,audible subscription
Household,Sapat Parivar Tea half kg
Household,plumber
Transportation,mandir to hospital
Other,hanger clips
Other,Mobile Service Provider recharge wfh
Other,toll+petrol
Apparel,belt + socs
Transportation,Ola - Place 1 to Place 5 to and fro
Money transfer,
Recurring Deposit,
Investment, mutual fund
Investment,reliance mutual fund
Gift,kindle + gift wrap
Investment,ICICI prudential
Recurring Deposit,
Food,cold coffee
Public Provident Fund,
Salary,From workplace 
Other,phone cover
Other,Mobile Service Provider sim card
Health,6 pairs of use and throw gloves
Health,2 n95 masks
Other,audible subscription
Other,shoe polish
Other,Mobile Service Provider fi router
Food,chicken lollypop + biryani
Investment, mutual fund
Recurring Deposit,
Investment,reliance mutual fund
Recurring Deposit,
Investment,ICICI prudential
Other,return deposit
Public Provident Fund,
Salary,From workplace 
Money transfer,
Other,Screw driver kit
Other,all out refill
Other,audible subscription
Household,mixer Philips 7756
Other,internet renewal (3 months pack)
Recurring Deposit,
Investment, mutual fund
Investment,reliance mutual fund
Recurring Deposit,
Investment,ICICI prudential
maid,
Money transfer,
Public Provident Fund,
Rent,
Salary,From workplace 
Other,audible subscription
Other,Mobile Service Provider recharge 365 days
Investment, mutual fund
Recurring Deposit,
Other,earphones
Investment,reliance mutual fund
Investment,ICICI prudential
Recurring Deposit,
Other,splitwise settlement
maid,
Rent,
Money transfer,
Public Provident Fund,
Salary,From workplace 
Other,Amazon prime
Other,Amazon prime
Investment, mutual fund
Recurring Deposit,
Other,Tambola
Investment,reliance mutual fund
Investment,ICICI prudential
Recurring Deposit,
Cook,
Rent,
Public Provident Fund,
Household,electricity bill
Salary,From workplace 
Money transfer,
Transportation,BR to mumbai
Other,splitwise settlement
Food,bananas 1 kg
Food,milk half shakti
Food,milk half shakti
Other,internet renewal (3 months pack)
Health,N95 mask
Food,milk half shakti
Food,milk half shakti
Investment, mutual fund
Recurring Deposit,
Food,onions
Food,milk half shakti
Household,sensodyne rapid fire
Health,hand sanitizer + surgical gloves
Food,milk half shakti
Food,gobi
Food,milk half shakti
Investment,reliance mutual fund
Health,Limcee+
Investment,ICICI prudential
Recurring Deposit,
Food,methi + palak
Food,milk half shakti
Public Provident Fund,April -May 10k contribution
Food,
Cook,
Money transfer,
Food,milk half shakti
Food,dahi
Salary,From workplace 
Food,milk half gold
Other,stationary (drawing book + black sketch pen)
Food,eggs + bread
Food,srikhand
Food,snacks + veggie
Food,milk half gold
Other,hair oil
Food,snacks
Other,covid19 donation to PM fund
Investment, mutual fund
Recurring Deposit,
Food,
Food,
Recurring Deposit,
Investment,reliance mutual fund
Investment,ICICI prudential
Money transfer,
Food,
Food,
Other,cleaning drainage
garbage disposal,
Cook,
Food,toothbrush + biscuits
Salary,From workplace 
Health,kala hit
Food,
water (jar /tanker),
Food,
Food,
water (jar /tanker),refilling
Apparel,dry cleaning
Health,dentist check-up
Household,cooker ring
Food,samosa+tea+veg cheese grill sandwich
Food,dal fry and chapati
Food,aloo paratha
Food,
Other,laptop repair
Health,dentist check-up
Food,
Apparel,altering
Food,shakti + bread
Other,cycle air pumping
Apparel,ironing
Food,
Transportation,to office
Health,root canal due
Food,
Recurring Deposit,
Food,
Transportation,train - ddr to brc cancellation charges
Investment, mutual fund
Transportation,train - brc to ddr cancellation charges
Transportation,Place 0 to Bandra
Transportation,Current Residence to Place 0
Transportation,Bandra to Bandra terminus
Other,Amazon prime
Other,print out
Investment,reliance mutual fund
Recurring Deposit,
Transportation,B45 to brc
Food,orange juice
Transportation,to office
Investment,ICICI prudential
Beauty,
Food,mosambi juice
water (jar /tanker),water jar
garbage disposal,
maid,
Cook,
Health,painkillers
Health,root canal advance
Food,
Money transfer,
Rent,
Health,painkillers
Health,dentist check-up
Food,canteen lunch
Transportation,to office
Food,2 uttapam
Food,bananas
Food,At restaurant
Food,chicken manchow soup
Food,
Salary,From workplace 
Food,
Food,chicken thali
Food,
Food,
Transportation,office to vasna road
Food,eggs
Food,
Food,vegetable
Transportation,ola auto - BRC to b45
Food,
Transportation,Bandra to Bandra terminus
Transportation,Place 0 to Bandra
Apparel,shoe polish
Transportation,to and fro Mum to BRC
Other,splitwise settlement
Health,face mask
Health,koflet
Food,milk 1lit 
Food,dinner
Food,kaju katli 250gm
Transportation,local - Place 0 to Place 5 return
Household,mixer repair
Other,Internet renewal
Food,pani puri
Transportation,local - vadala road to Place 0
Transportation,taxi - dadar to vadala road
Food,tea
Food,bread
Food,chana chat + tea
Food,milk half shakti
Food,Kurkure
Food,tea
Food,tea
Food,paneer 150 gm
Food,bread pakoda + tea
Food,grocery
Food,tea + kachuri
Food,tea
Food,paneer
Food,farsan + khari sing
Transportation,train - brc to mmct
Food,egg fried rice
Other,deo and amul milk
Other,Internet renewal
Food,tea + biscuits
Food,tea
Food,water jar
Food,bhel
Food,snacks
Food,grocery
Food,tea
Food,milk half shakti
Food,12 eggs
Food,tea
Food,grocery
Other,shoe repair
Food,chana chat + kachori
Other,garbage collector
Other,Permanent Residence money transfer
Food,milk half shakti
Food,5 eggs
Food,milk half shakti
Household,electricity bill
Apparel,undergarments
Food,bananas
Food,bhindi
Transportation,auto - Genda circle to b45
Food,dinner treat
Food,milk half shakti
Food,good day biscuits
Food,samosa
Food,chana chat
Food,tea
Food,milk half shakti
Food,paav
Food,grocery
Beauty,hair cut
Food,tea
Food,tea
Food,snacks
Food,grocery
Household,broom
Food,samosa + 2 tea
Transportation,train - bdts to brc
Transportation,train - brc to mmct
Food,milk half gold
Food,shev
Food,srikhand
Food,milk half gold
Food,vegetable
Food,tea
Food,milk half gold
Transportation,auto - GTR to hospital
Transportation,auto - Alk to GTR
Transportation,auto -  to race course
Food,Ratri Bazar
Transportation,auto - Amit nagar to b45
Food,tea
Food,3 bananas
Food,Lunch - chicken fried rice + chicken soup
Transportation,travels - Mumbai to brc
Other,Internet renewal
Food,tea
Transportation,bus - Chinchwad to kala
Transportation,ola auto - to Chinchwad transport bus stop
Beauty,shaving
Transportation,ola auto - wakad to GG skies
Transportation,auto -hospital to bridge
Transportation,travels - brc to pune
Other,garbage collector
Food,tea
Food,sprout chat
Other,participation fee - corporate cricket league
Food,tea+ bourbon
Food,sprout chat+tea+guava drink
Food,sprout chat
Food,tea
Other,rent
Other,maid
Food,dinner
Other,cook
Food,shev
Food,tea
Food,rice
Other,Public Provident Fund
Other,cricket expenses
Food,water jar
Food,milk half gold + 2 packs bourbon biscuits
Food,grocery
Other,Permanent Residence money transfer
Food,4 eggs
Food,tea
Food,bendys chicken biryani
Transportation,share jeep - Place T top to base
Transportation,share jeep - Place T to brc
Culture, monument
Food,Temple Prasad
Transportation,ropeway Place T to and fro
Transportation,share jeep - Place T base to top
Transportation,share auto - Place H to Place T base
Transportation,bus - brc to Place H
Food,tea
Transportation,share auto - hospital to brc station
